scenario_id,speech_score,video_score,engaged_label
0,0.4413,0.4577,1
1,0.8493,0.9483,1
2,0.2682,0.2248,0
3,0.7971,0.8044,1
4,0.5446,0.4471,1
5,0.5535,0.4264,1
6,0.1672,0.0388,0
7,0.4154,0.893,1
8,0.0,0.6812,1
9,0.4983,0.742,1
10,0.8353,0.8268,1
11,0.9419,0.2014,1
12,0.8104,0.5367,1
13,0.5078,0.4672,1
14,0.6708,0.7974,1
15,0.7734,0.6374,1
16,0.8157,0.6797,1
17,0.8122,0.8745,1
18,0.9525,0.8443,1
19,0.8005,0.9567,1
20,0.9877,0.9749,1
21,0.835,0.8499,1
22,0.7851,0.9133,1
23,0.5482,0.3861,1
24,0.9916,0.7756,1
25,0.5243,0.6945,1
26,0.7743,1.0,1
27,0.1638,0.0,0
28,0.1021,0.3098,0
29,0.658,0.9538,1
30,1.0,0.7378,1
31,0.5697,0.4671,1
32,0.4251,0.3848,1
33,0.4133,0.3206,1
34,0.0591,0.186,0
35,0.7733,0.7165,1
36,0.7628,0.6965,1
37,0.4912,0.2996,1
38,0.9444,0.7384,1
39,0.9362,0.5007,1
40,0.2694,0.1428,0
41,0.483,0.6945,1
42,0.3636,0.4731,1
43,0.0852,0.0992,0
44,0.1638,0.8128,1
45,0.7668,0.8979,1
46,0.1182,0.0231,0
47,1.0,0.8409,1
48,0.4917,0.589,1
49,0.954,0.7364,1
50,0.5602,0.4822,1
51,0.3123,0.5442,1
52,0.2589,0.0,0
53,0.3435,0.3418,1
54,0.0,0.7823,1
55,0.1611,0.4629,0
56,0.0382,0.0977,0
57,0.0983,0.531,0
58,0.125,0.1688,0
59,0.152,0.0913,0
60,0.5083,0.2141,0
61,0.4789,0.1181,0
62,0.8931,0.9329,1
63,0.1205,0.6656,1
64,0.9673,0.8747,1
65,0.3732,0.7382,1
66,0.2925,0.7367,1
67,0.4961,0.7938,1
68,0.1481,0.1342,0
69,0.5469,0.3317,1
70,0.8355,0.7149,1
71,0.961,1.0,1
72,0.7894,0.912,1
73,1.0,0.8811,1
74,0.9835,0.7261,1
75,0.3203,0.5085,1
76,0.7815,0.7958,1
77,0.5899,0.2526,1
78,0.403,0.4195,1
79,0.1703,0.0,0
80,0.0,0.1334,0
81,0.919,0.1464,1
82,0.1746,0.113,0
83,0.9161,0.8621,1
84,1.0,0.9274,1
85,0.8427,0.8534,1
86,0.4029,0.3942,0
87,0.8211,0.5447,1
88,0.1642,0.9797,1
89,0.961,0.9311,1
90,0.9214,0.6346,1
91,0.7944,0.7454,1
92,0.0,0.8266,1
93,0.4311,0.472,1
94,0.4673,0.5559,1
95,0.0698,0.8837,1
96,0.9351,1.0,1
97,0.076,0.111,0
98,0.2036,0.2336,0
99,0.1428,0.2595,0
